<?xml version="1.0" encoding="UTF-8"?>
<project-private xmlns="http://www.netbeans.org/ns/project-private/1">
    <editor-bookmarks xmlns="http://www.netbeans.org/ns/editor-bookmarks/2" lastBookmarkId="0"/>
    <open-files xmlns="http://www.netbeans.org/ns/projectui-open-files/2">
        <group>
            <file>file:/D:/Kuliah/S5/8.%20Pemrograman%20Berbasis%20Objek%202/Project/PBO2_2310010455/src/crud/dokterCrud.java</file>
            <file>file:/D:/Kuliah/S5/8.%20Pemrograman%20Berbasis%20Objek%202/Project/PBO2_2310010455/src/frame/dokter.java</file>
            <file>file:/D:/Kuliah/S5/8.%20Pemrograman%20Berbasis%20Objek%202/Project/PBO2_2310010455/src/crud/pasienCrud.java</file>
            <file>file:/D:/Kuliah/S5/8.%20Pemrograman%20Berbasis%20Objek%202/Project/PBO2_2310010455/src/frame/pasien.java</file>
            <file>file:/D:/Kuliah/S5/8.%20Pemrograman%20Berbasis%20Objek%202/Project/PBO2_2310010455/src/crud/pendaftaranCrud.java</file>
            <file>file:/D:/Kuliah/S5/8.%20Pemrograman%20Berbasis%20Objek%202/Project/PBO2_2310010455/src/frame/pendaftaran.java</file>
            <file>file:/D:/Kuliah/S5/8.%20Pemrograman%20Berbasis%20Objek%202/Project/PBO2_2310010455/src/crud/poliklinikCrud.java</file>
            <file>file:/D:/Kuliah/S5/8.%20Pemrograman%20Berbasis%20Objek%202/Project/PBO2_2310010455/src/frame/poliklinik.java</file>
        </group>
    </open-files>
</project-private>
